"Timestamp","Which kind of user segment best describes you ?","Which quick-commerce apps do you regularly use? ","   How often do you use Blinkit?  ","  How long have you been using Blinkit?  ","  What do you usually purchase on Blinkit?  ","Before opening Blinkit, which statement best describes you?  
(can select more than 1)"," How often do you reorder the same products?  "," Approximately what percentage of your cart is the same across orders?  ","  How do you usually discover new products on Blinkit?  
  (Check all that apply)  "," Have you purchased from a new product category in the last 3 months?  ","if yes then,
 What prompted you to try that new category?  
(can choose more than 1)"," If you rarely explore new categories, what are the main reasons?  
(Check all that apply)  ","Before trying a product from a new category, what information is most important? 
Choose up to three.","Which statement best describes your shopping style?  "," How satisfied are you with Blinkit's product discovery experience?  ","  If you could improve one thing about discovering products on Blinkit, what would it be?  "
"2026/07/22 1:42:29 am GMT+5:30","Need-based shoppers - Buy only when something runs out","Blinkit","Once a week","3–6 months","Groceries;Dairy","I know most items but may browse a little.","Frequently","25–50%","Home page recommendations;Discounts;Social Media","Yes","Curiosity","I don't know what else Blinkit offers.;Prices are high.","Reviews;Discount","Depends on the order.","4","no idea from my side"
"2026/07/25 4:28:07 pm GMT+5:30","Occasion-driven shoppers - Shop for festivals, parties, guests","Blinkit","2–3 times a month","More than a year","Snacks;Personal Care;Pet Care;Stationery","I know most items but may browse a little.","Sometimes","25–50%","Discounts","Yes","Needed it","I only buy what I need.;I don't have time to browse.","Reviews;Ratings;Ingredients","Depends on the order.","4","user should be made aware of the product is out of stock before hand so that when user is at checkout page they don't have to see the message ""this product is out of stock"""
"2026/07/25 5:24:09 pm GMT+5:30","Discovery-driven shoppers - Like trying new products","Blinkit","Once a week","6–12 months","Groceries;Dairy;Snacks;Personal Care","I know most items but may browse a little.","Sometimes","0–25%","Search;Category browsing","No","","I prefer brands I already know.","Brand;Price;Ingredients","I occasionally browse.","3","not relevant for me can't think of any"
"2026/07/25 5:46:00 pm GMT+5:30","Habit-driven shoppers - Buy almost the same basket every week","Blinkit","2–3 times a week","More than a year","Groceries;Fruits & Vegetables;Dairy;Personal Care","I know most items but may browse a little.","Frequently","50–75%","Search;Discounts;Social Media","Yes","Advertisement;Curiosity","I only buy what I need.;Recommendations aren't relevant.","Reviews;Discount;Images","I enjoy exploring products.","4","i would love to see a separate field of products under name hot/trendingg"
"2026/07/25 6:13:43 pm GMT+5:30","Habit-driven shoppers - Buy almost the same basket every week","Blinkit","Daily","More than a year","Dairy;Snacks;Sexual Wellness","I know most items but may browse a little.","Frequently","50–75%","Category browsing;Social Media","Yes","Needed it","i regularly explore new categories","Reviews;Brand;Friend recommendation","Depends on the order.","4","keep same products pan india. use same variety pan india.i can see blinkit finds only in tier 1 cities."
"2026/07/25 6:47:17 pm GMT+5:30","Need-based shoppers - Buy only when something runs out","Blinkit","Rarely","More than a year","Groceries;Personal Care;Household Essentials","I know most items but may browse a little.","Never","0–25%","Home page recommendations;Social Media","Yes","Needed it","I don't trust unfamiliar products.;Prices are high.","Price;Images","I occasionally browse.","4","in other quick commerce i find this offer get 1 product at 1Rupee if your cart value is above xyz amount"
"2026/07/26 12:53:06 am GMT+5:30","Need-based shoppers - Buy only when something runs out","Blinkit","2–3 times a month","More than a year","Groceries;Fruits & Vegetables;Dairy;Snacks","I know most items but may browse a little.","Sometimes","25–50%","Home page recommendations;Category browsing;Social Media;Influencers","No","","I only buy what I need.","Reviews;Price;Friend recommendation","Depends on the order.","3","Add a separate category where Blinkit showcases all the products which are added newly in the app and it can be of diverse categories. name it something fancy and all the new products of different categories can be seen here. name it as blinkit binge"